user_name,nickname,favs,rts,favs_rts,tweet_content,hour,date_yyyy_mm_dd,date_dd_mm_yyyy,time_code_utc
HIP HOP FACTS,DailyRapFacts,5553,5330,10883,VIEWS IS NOW ON APPLE MUSIC https://t.co/5W5IVZ1DL7,03:06:08,2016-04-29,2016-04-29,2016-04-29T03:06:08Z
9GAG Tweets,9GAGTweets,1853,3002,4855,Better than Apple watch https://t.co/SjxG2SFlpo,14:04:25,2016-04-28,2016-04-28,2016-04-28T14:04:25Z
YG Family,ygent_official,2362,1775,4137,"[KU HYE SUN - 'ê·¸ë¦¬ê³  ë´„ (Dark Yellow)']
Available now on iTunes @ https://t.co/RzBG6RJ94m
#KUHYESUN #êµ¬í˜œì„  #ê·¸ë¦¬ê³ ë´„ https://t.co/K6I7kqpsw1",09:39:10,2016-04-28,2016-04-28,2016-04-28T09:39:10Z
Jon Gruden,Faux_Gruden,1821,1680,3501,"Eli Apple is headed to the Big Apple, man. Wow. I can't even wrap my head around that. What a time to be alive.",01:24:10,2016-04-29,2016-04-29,2016-04-29T01:24:10Z
NFL on ESPN,ESPNNFL,1525,1245,2770,"Bosa at #3.
Zeke at #4.
Apple at #10.
Decker #16.
Lee at #20.

It's a Buckeye Party. https://t.co/oZY8AnLXWM",02:44:57,2016-04-29,2016-04-29,2016-04-29T02:44:57Z
Colleen Evans,ColleenB123,1897,290,2187,"You guys asked for it! we finally have NEW LEVELS on  #MirandaSingsvHaters! Download it &amp; send me pics of u playing! https://t.co/zp5iLrm1nj",16:29:53,2016-04-28,2016-04-28,2016-04-28T16:29:53Z
Miranda Sings,MirandaSings,1834,311,2145,"IM SO EXITED! My #MirandaSingsVsHaters game is UPDATED! ITS SO GOD. Download NOW iOS &amp; Android! https://t.co/iToYlV9E8W",16:26:43,2016-04-28,2016-04-28,2016-04-28T16:26:43Z
Pierce The Veil,piercetheveil,1572,562,2134,"Pre-order our album #misadventures and get #Circles instantly on @applemusic at https://t.co/lx3NwA65Yu! https://t.co/u22X9wjcYf",18:00:45,2016-04-28,2016-04-28,2016-04-28T18:00:45Z
Sam Pottorff,sampottorff,1626,410,2036,EVERYONE GO LISTEN TO THE BIRTHDAY BOYS NEW ALBUM @callmekarizma HE KILLED IT I LOVE YOU DAD!!! https://t.co/O6COGzYxzY,20:04:10,2016-04-28,2016-04-28,2016-04-28T20:04:10Z
Bill Simmons,BillSimmons,1508,400,1908,"Why does iPhone spell-check keep changing ""bong pipe"" to ""bong pope?"" Come on Apple get your shit together.",01:01:03,2016-04-29,2016-04-29,2016-04-29T01:01:03Z
Biel,Biel,911,371,1282,"Juntos Vamos AlÃ©m by Biel
https://t.co/aGRmsgHLun #CompreJVANoiTunes",23:27:40,2016-04-28,2016-04-28,2016-04-28T23:27:40Z
NFL on ESPN,ESPNNFL,598,452,1050,"Gruden: ""I like this pick, Mel.""

Mel: ""I liked Vernon Hargreaves better than Eli Apple at #10.""

#TBpick https://t.co/gmakGyjkU8",01:33:46,2016-04-29,2016-04-29,2016-04-29T01:33:46Z
Star Wars Games,StarWarsGames,805,223,1028,"Get up to 50% off on select Star Wars games in the @AppStore through May 4th! #StarWarsDay https://t.co/PYxAYtCHqH https://t.co/Wn3hT2Sm7U",23:42:31,2016-04-28,2016-04-28,2016-04-28T23:42:31Z
ESPN,espn,669,307,976,"Recapping picks 6-10:
BAL: Ronnie Stanley
SF: DeForest Buckner
TEN: Jack Conklin
CHI: Leonard Floyd
NYG: Eli Apple https://t.co/WpnpWHvP14",01:33:56,2016-04-29,2016-04-29,2016-04-29T01:33:56Z
è¥¿å· ç‘å¸Œ,mizukitty921116,869,68,937,"ã¡ã‚‡ã„ã‚«ã‚¸ãƒ¥ã‚¢ãƒ«mixãŒæ°—åˆ†â˜ºï¸
ãƒ•ã‚¡ãƒƒã‚·ãƒ§ãƒ³ã£ã¦è‡ªåˆ†ã‚’
å¤‰ãˆã¦ãã‚Œã‚‹ã‹ã‚‰æ¥½ã—ã„â™¡

i-phoneâ–¶ï¸https://t.co/JHdUnbxFQD
Androidç”¨â–¶ï¸https://t.co/4MO8GXGzYb

â˜‘ï¸ https://t.co/bzw6fsJg9E",10:10:30,2016-04-28,2016-04-28,2016-04-28T10:10:30Z
ã€å‚æœ¬ã§ã™ãŒï¼Ÿã€ã‚¢ãƒ‹ãƒ¡å…¬å¼,sakamoto_anime,452,355,807,"ã€ã‚²ãƒ¼ãƒ æƒ…å ±â‘¡ã€‘ã“ã®ã‚¢ãƒ—ãƒªã¯å‚æœ¬å›ï¼ˆCVç·‘å·å…‰ã•ã‚“ï¼‰ã®ãƒœã‚¤ã‚¹å…¥ã‚Šï¼åã‚·ãƒ¼ãƒ³ã‚’å†ç¾ã—ãŸæ”¾ç½®å‹ã‚²ãƒ¼ãƒ ã§ã€åå¾©æ¨ªè·³ã³ã§ã®æ¶ˆç«æ´»å‹•ã‚„Mr.Bee(èœ‚)ã¨ã®å¯¾æ±ºãªã©ç››ã‚Šã ãã•ã‚“ï¼ã€€ï¼ƒå‚æœ¬ã§ã™ãŒï¼Ÿ
https://t.co/jzd105REWL https://t.co/Am4PeJbOAu",03:15:46,2016-04-29,2016-04-29,2016-04-29T03:15:46Z
The Mountain Goats,mountain_goats,620,177,797,"""Sir, Apple Care does not cover us cleaning bits of pumpkin seeds out of your keyboard every 6 weeks"" ""I'll see you fascists in court, then""",14:42:13,2016-04-28,2016-04-28,2016-04-28T14:42:13Z
Joey Devries,JosephDevries,412,278,690,I wanna give you guys a free single so come on! And download these versions!!! Only 59P! https://t.co/GafRc6QUAo and https://t.co/K7qJiASwTG,17:51:19,2016-04-28,2016-04-28,2016-04-28T17:51:19Z
Spinoza,spinozait,365,315,680,"Trovato cadavere nella sede di Apple. Ora tutti ne vorranno uno.
[@pantana21]",10:05:35,2016-04-28,2016-04-28,2016-04-28T10:05:35Z
ImÃ¡genes HistÃ³ricas,HistoriaEnFotos,391,261,652,"Hoy, hace 13 aÃ±os, Apple abre la tienda de mÃºsica â€œiTunes Storeâ€. En su primera semana vendiÃ³ 1 millÃ³n de canciones https://t.co/Ss70Xpoe6c",18:20:34,2016-04-28,2016-04-28,2016-04-28T18:20:34Z
MIYAVI,MIYAVI_OFFICIAL,470,173,643,"ğŸ™ğŸ»ğŸ™ğŸ»ğŸ˜ RT @MIYAVI_STAFF ãƒ‹ãƒ¥ãƒ¼ã‚·ãƒ³ã‚°ãƒ«1ä½ã‚ã‚ŠãŒã¨ã†ã”ã–ã„ã¾ã™ï¼
Thank you for making MIYAVI's new EP no.1!!
https://t.co/KuBFLVpNnL https://t.co/usIp6x7R3P",16:12:16,2016-04-28,2016-04-28,2016-04-28T16:12:16Z
JuanDa.,Juan_Da_MC,514,61,575,Odio que la mÃºsica salga primero en Spotify y en Apple porque soy un pobre de mierda y tengo que esperar a ver si la suben en Youtube.,03:15:47,2016-04-29,2016-04-29,2016-04-29T03:15:47Z
SKEPTA,Skepta,365,210,575,"My new album #Konnichiwa May 6th.

Pre-order https://t.co/HXCxmQYQHN",23:52:31,2016-04-28,2016-04-28,2016-04-28T23:52:31Z
NBC Sports,NBCSports,297,267,564,".@OhioStAthletics is first ever with 3 top-10 picks: Joey Bosa, Ezekiel Elliott, Eli Apple. https://t.co/WS2vuz4zdv https://t.co/njTpD8HRzi",01:47:26,2016-04-29,2016-04-29,2016-04-29T01:47:26Z
Beats By Dre,beatsbydre,315,242,557,"#VIEWS. 
#OVOSOUNDRADIO. 
Stay locked. @Drake @Beats1 https://t.co/DOXpIFLJhP https://t.co/gfgaPPI9MG",02:45:01,2016-04-29,2016-04-29,2016-04-29T02:45:01Z
The Brooks,ThisIsTheBrooks,366,170,536,"Who's preorder @JosephDevries singles? GET IT NOW https://t.co/dtasdk6D34 #welshlove",19:49:01,2016-04-28,2016-04-28,2016-04-28T19:49:01Z
Word On Road,WordOnRd,292,241,533,It will be available on iTunes and Apple Music at midnight  https://t.co/W0AcI4PEgD,01:42:50,2016-04-29,2016-04-29,2016-04-29T01:42:50Z
Alice Cooper,RealAliceCooper,422,96,518,"Rehearsing, putting my new Apple Watch thru it's paces. Thanks for the watch Apple! Who's gonna be in Biloxi Friday? https://t.co/L25Ru4NTQj",21:51:28,2016-04-28,2016-04-28,2016-04-28T21:51:28Z
Word On Road,WordOnRd,254,252,506,[Purchase] Views by Drake https://t.co/II2lNthChL,03:15:44,2016-04-29,2016-04-29,2016-04-29T03:15:44Z
New York Giants,Giants,318,182,500,"""Eli Apple is a combative, physical corner with good ball skills."" - Coach McAdoo",01:38:37,2016-04-29,2016-04-29,2016-04-29T01:38:37Z
Butler Dining,butler_dining,269,213,482,"Day 4 and we're not slowing down! Win this Apple TV!! Like/RT this photo, follow our page. Easy! Winner at 3pm! https://t.co/b1J7JM1THT",12:54:51,2016-04-28,2016-04-28,2016-04-28T12:54:51Z
New York Giants,Giants,289,172,461,.@EliApple13 coming to the Big Apple! ğŸˆğŸ https://t.co/Rum29P98Ky,02:16:57,2016-04-29,2016-04-29,2016-04-29T02:16:57Z
Skip Bayless,RealSkipBayless,343,74,417,"Congrats to an old friend from my LA days, Leigh Sternberg, back in the game as Paxton Lynch's agent. Apple Pan forever.",03:10:52,2016-04-29,2016-04-29,2016-04-29T03:10:52Z
Aykut Ãœnal,ayk747,194,207,401,NiconÃ© &amp; Sascha Braemer - Never (feat. Wrongkong) parÃ§asÄ±nÄ± @AppleMusicâ€™te dinleyin. https://t.co/REm5bqQjV6,21:45:43,2016-04-28,2016-04-28,2016-04-28T21:45:43Z
Music News & Facts,musicnews_facts,192,178,370,"#VIEWS is out now on iTunes! https://t.co/U9axEhcKDQ",03:05:43,2016-04-29,2016-04-29,2016-04-29T03:05:43Z
Apple Support,AppleSupport,247,106,353,Ask to Buy allows your kids to make their own choices while you supervise spending: https://t.co/HZeuk40KSM https://t.co/c5ZroOcXS6,21:45:05,2016-04-28,2016-04-28,2016-04-28T21:45:05Z
Kid Ink,Kid_Ink,241,105,346,Grab the bro @ASAPferg new album ASAP! https://t.co/UZcoSF7QwT https://t.co/yqOVXvXyO8,19:49:09,2016-04-28,2016-04-28,2016-04-28T19:49:09Z
New York Giants,Giants,224,119,343,"""Eli Apple can play the slot and outside. However Spags wants to use him."" - Marc Ross",01:53:05,2016-04-29,2016-04-29,2016-04-29T01:53:05Z
Emily Kaplan,emilymkaplan,175,142,317,"According to his mom, Eli Apple almost missed NYG call. ""Who is calling you from a 201 area code? Don't pick that up! You're at the draft!""",01:48:19,2016-04-29,2016-04-29,2016-04-29T01:48:19Z
Apple Music,AppleMusic,238,76,314,"Premiered on #Beats1 with @zanelowe...
@tompeterodell's #Constellations âœ¨
 #WrongCrowd soon!
https://t.co/FYtfp2HXwM https://t.co/AvVtJ2mkqH",21:34:01,2016-04-28,2016-04-28,2016-04-28T21:34:01Z
CNN,CNN,68,240,308,"The 2016 election, by the numbers and on the go: The CNN Politics app https://t.co/MjjKSEEprb https://t.co/pYUfupYACv",14:30:01,2016-04-28,2016-04-28,2016-04-28T14:30:01Z
New York Giants,Giants,201,106,307,Read what the experts are saying about the selection of CB Eli Apple &gt;&gt; https://t.co/3W4z8Y1SPd https://t.co/M7tAhJzzcq,02:45:14,2016-04-29,2016-04-29,2016-04-29T02:45:14Z
Dominic DeAngelis,DOMtheB0MB,242,46,288,Eli apple?,01:43:11,2016-04-29,2016-04-29,2016-04-29T01:43:11Z
Eric Seger,EricSeger33,232,54,286,Eli Apple is up next in the Ohio State infomercial https://t.co/trxw5yJVqT,22:27:32,2016-04-28,2016-04-28,2016-04-28T22:27:32Z
Ralph Vacchiano,RVacchianoNYDN,146,118,264,CB Eli Apple is far from a terrible pick. But here's one lingering question: They couldn't have traded back and made it?,01:29:09,2016-04-29,2016-04-29,2016-04-29T01:29:09Z
Cris,CrisTheBunny,185,75,260,"GUYS MY NEW EP IS NOW ON ITUNES GO GET IT!! AND RATE IT (IT HELPS)
https://t.co/5axzqqMYSC",21:29:16,2016-04-28,2016-04-28,2016-04-28T21:29:16Z
Guardia Civil,guardiacivil,100,150,250,"Â¿Un mail que simula ser #Apple te eligiÃ³ para un premiazo si rellenas una encuesta?
TÃº verÃ¡s...#spam ganarÃ¡s seguro https://t.co/KfG6N9AFLK",16:30:57,2016-04-28,2016-04-28,2016-04-28T16:30:57Z
Cartoon Network,cartoonnetwork,177,66,243,"When you finish a new #Gumball episode... and you click this and get even more new Gumball: https://t.co/0hyGzwbwrN https://t.co/sQPqGBKkMn",21:49:58,2016-04-28,2016-04-28,2016-04-28T21:49:58Z
Did You Know?,engrossingfacts,167,72,239,"Everything you say to Siri is sent to Apple, analyzed and stored.",21:30:17,2016-04-28,2016-04-28,2016-04-28T21:30:17Z
ABC Music Lounge,abcmusiclounge,181,57,238,"Last song on @GreysABC #TGIT is the appropriately titled ""Love Doctor"" by @SebastianKole | Get it here: https://t.co/CBoAOyeqv2",00:56:29,2016-04-29,2016-04-29,2016-04-29T00:56:29Z
Respek Ma Name,NikoWavy,52,171,223,This Eli Apple getting ran over by Derrick Henry salute @Giants  ğŸ˜‚ğŸ˜‚ğŸ˜‚ https://t.co/wZx7iKEnEf,02:16:16,2016-04-29,2016-04-29,2016-04-29T02:16:16Z
A'Â£,AbdiTV,157,65,222,yh leaking drakes album as soooon as it comes on apple music tonight i promise,19:52:41,2016-04-28,2016-04-28,2016-04-28T19:52:41Z
HYPEBEAST,HYPEBEAST,136,81,217,".@Drake has unveiled a new time for 'Views' on Beats 1 Radio.
https://t.co/JmARbNjuGD https://t.co/ucaRhfximT",01:47:51,2016-04-29,2016-04-29,2016-04-29T01:47:51Z
Mustafa agha,mustafa_agha,157,50,207,Apple Ù†Ø²Ù„Øª software Ø¬Ø¯ÙŠØ¯ Ø¹Ù„Ù‰ Ø§Ù„Ø¢ÙŠÙÙˆÙ† ÙŠÙ…ÙƒÙ‘Ù† Ø§Ù„Ù…Ø³ØªØ®Ø¯Ù…ÙŠÙ† Ù…Ù† Ù…Ø´Ø§Ø±ÙƒØ© Ø³Ø¬Ù„Ù‡Ù… Ø§Ù„Ø·Ø¨ÙŠ Ù…Ø¹ Ø§Ø·Ø¨Ø§Ø¦Ù‡Ù… Ø§Ù„Ø°ÙŠÙ† ÙŠØ³ØªØ·ÙŠØ¹ÙˆÙ† Ù…ØªØ§Ø¨Ø¹Ø© Ø­Ø§Ù„Ø§ØªÙ‡Ù… https://t.co/MqKIk5xAF3,14:38:40,2016-04-28,2016-04-28,2016-04-28T14:38:40Z
Ariana âœ¨,arizzzlex,131,74,205,making different accounts to get a free month of Apple Music https://t.co/PS2RPDTXl0,04:58:49,2016-04-29,2016-04-29,2016-04-29T04:58:49Z
BBC News (World),BBCWorld,95,108,203,Billionaire investor dumps Apple shares https://t.co/hVynLinbrW,05:57:31,2016-04-29,2016-04-29,2016-04-29T05:57:31Z
whiteeeen,_whiteeeen_,165,36,201,"ãƒ–ãƒ­ã‚°æ›´æ–°ã—ã¾ã—ãŸğŸ˜ŒğŸ˜ŒğŸŒ¸

ã€ŒèŠ±è¨€è‘‰â˜†meriã€

â˜…Android https://t.co/7puWGoKzZk            
â˜…iPhone https://t.co/pq8yiMTmoj https://t.co/BUyD7Gyzfu",10:21:18,2016-04-28,2016-04-28,2016-04-28T10:21:18Z
MIYAVI,MIYAVI_OFFICIAL,150,50,200,è¬è¬å¤§å®¶æˆ‘å€‘å¾ˆé–‹å¿ƒï¼RT @MIYAVI_STAFF ã€Šç¥!!ã€‹å›½å†…ãƒãƒ£ãƒ¼ãƒˆ1ä½ã«ç¶šãã¾ã—ã¦ã€Afraid To Be Cool/ Raise Me Up  ç™ºå£²åˆæ—¥.å°æ¹¾Rockéƒ¨é–€ ã§ã‚‚itunesãƒãƒ£ãƒ¼ãƒˆ1ä½ã‚’ç²å¾—ã—ã¾ã—ãŸ!! https://t.co/XLlyGKJU5z,08:11:07,2016-04-29,2016-04-29,2016-04-29T08:11:07Z
HiddenCash St. Louis,hiddencash314,54,143,197,"#applewatch RT &amp; FOLLOW .@hiddencash314 #apple https://t.co/S7hHHQCqg1",14:29:41,2016-04-28,2016-04-28,2016-04-28T14:29:41Z
pixiv Sketch,pixivsketch,122,72,194,"ã€ã‚«ãƒ©ãƒ¼ã®çµµã‚’æããŸã„ã‘ã©ã„ã‚ã„ã‚æƒãˆã‚‹ã®ãŒå¤§å¤‰ğŸ˜­ã€
ãã‚“ãªã‚ãªãŸã«pixiv Sketchï¼ï¼
Sketchã§ç´™ã«æã„ãŸè½æ›¸ãã‚„ä¸‹æ›¸ãã«ç°¡å˜ã«è‰²ã¤ã‘ï¼ğŸ’ª
â†“â†“â†“ãœã²ãŠè©¦ã—ãã ã•ã„
https://t.co/UGmAJTKXA0 https://t.co/dekSZxH6d4",06:18:41,2016-04-29,2016-04-29,2016-04-29T06:18:41Z
TIME.com,TIME,130,64,194,33 questions that were asked at Apple job interviews https://t.co/Xi0yFxHXNn,03:00:11,2016-04-29,2016-04-29,2016-04-29T03:00:11Z
Where To Cop,WhereToCop,89,104,193,"Drake #VIEWS on apple music today

Interview: 10:45pm EST
Album debut: 12am EST

Subscribe: https://t.co/dEdcAwfqla https://t.co/LkYmu63WzM",01:28:55,2016-04-29,2016-04-29,2016-04-29T01:28:55Z
ÙˆÙ„ÙŠØ¯ ØµØ§Ù„Ø­ Ø§Ù„ØµØ§Ù„Ø­,waleed800,72,120,192,"ğŸ“ŒØ¬Ø¯ÙŠØ¯
Ø§Ù„ÙŠÙˆÙ… ØªÙ… Ø§Ù„Ø§Ù†ØªÙ‡Ø§Ø¡ Ù„ØªØ·Ø¨ÙŠÙ‚ ÙƒØ¨Ø§Ø±Ø§Ù„Ø¹Ù„Ù…Ø§Ø¡

ğŸ”´Ù„Ù„Ø§ÙŠÙÙˆÙ†
https://t.co/t2knBuxAhI

ğŸ”´Ø¬Ù„ÙƒØ³ÙŠ Ø§Ù†Ø¯Ø±ÙˆÙŠØ¯
https://t.co/YduadPnQmx https://t.co/TLzWNY05d3",14:21:07,2016-04-28,2016-04-28,2016-04-28T14:21:07Z
Jeff Howe,jeffphowe,63,124,187,Giants take Eli Apple at No. 10.,01:19:03,2016-04-29,2016-04-29,2016-04-29T01:19:03Z
MyApple,MyAppleDotMy,92,94,186,Apple Malaysia kini telah ditukarkan kepada MyApple dengan wajah baru dan dlm beberapa minggu lagi kami akan terbitkan website sendiri. ğŸ˜‡,16:27:07,2016-04-28,2016-04-28,2016-04-28T16:27:07Z
Josh Brown,Kickingitwith3,108,73,181,"Big get for the #Gmen! Welcome to the @Giants @EliApple13. #AppleToBigApple https://t.co/pxtSgPW2zL",01:29:19,2016-04-29,2016-04-29,2016-04-29T01:29:19Z
Chris Biersack,ChrisABiersack,128,52,180,"8 days #TheShadowSide #AndyBlack https://t.co/qMyk1pW6vD https://t.co/ZfTJBXUEJC https://t.co/uv4OepujnI",14:21:50,2016-04-28,2016-04-28,2016-04-28T14:21:50Z
Ù†Ø§ÙŠÙ Ø§Ù„Ù‡Ø§Ø¬Ø±ÙŠ,Magruff_LE,6,173,179,"""ØªØ·Ø¨ÙŠÙ‚ Ø±Ø§Ø¦Ø¹""
Ù‚Ø§Ù… Ø¨ØªØµÙ…ÙŠÙ…Ù‡ Ù…Ø¬Ù…ÙˆØ¹Ø© Ù…Ù† Ù…Ø­Ø¨ÙŠÙ†
Ø§Ù„Ø´ÙŠØ® #Ù…Ø­Ù…Ø¯_Ø¨Ù†_Ø²Ø§ÙŠØ¯
Ø­ÙØ¸Ù‡ Ø§Ù„Ù„Ù‡ğŸ‡¦ğŸ‡ªğŸ‡¦ğŸ‡ª
Ø¹Ù„Ù‰ Ù‡Ø°Ø§ Ø§Ù„Ø±Ø§Ø¨Ø· 
https://t.co/sTOcGaiU71 https://t.co/k5IRqSHa8I",17:47:48,2016-04-28,2016-04-28,2016-04-28T17:47:48Z
Everette Taylor,Everette,121,55,176,"listening to #Views on apple music on my iPhone w/ beats headphones w/ an apple watch on my wrist &amp; tweeting this from my macbook. owned.",04:34:30,2016-04-29,2016-04-29,2016-04-29T04:34:30Z
Hopeless Records,hopelessrecords,112,60,172,"Welcome @Emarosa to the #HopelessFamily! New single out now!
ğŸ“º: https://t.co/CuiFV5p0rW
ğŸ§: https://t.co/lrILpfmBki https://t.co/0feEWqc98E",18:07:01,2016-04-28,2016-04-28,2016-04-28T18:07:01Z
Genius,Genius,89,82,171,"#VIEWS ON APPLE MUSIC RN SO CONFUSED/HAPPY ğŸ˜© ğŸ˜© 
https://t.co/KcSqFW899g https://t.co/R1FJPRaesJ",03:05:45,2016-04-29,2016-04-29,2016-04-29T03:05:45Z
"#TeamDrizzy",TeamDrizzy,78,91,169,Apple music in an hour!!!! Views in less than 3 hours!!! Its really happening!!!!!!! https://t.co/yl5xryioRj,01:47:49,2016-04-29,2016-04-29,2016-04-29T01:47:49Z
DIY Hacks,WeirdLifeHacks,106,61,167,Peel an apple easily https://t.co/ROaVSmU5z7,16:26:17,2016-04-28,2016-04-28,2016-04-28T16:26:17Z
520 PROMOTIONS LLC,520Promotion,71,93,164,"SUPPORT A DOPE HARD WORKING ARTIST @Hollowz45 GO GRAB THAT NEW https://t.co/rfXq5QWNRC #520PROMO #RT",02:17:09,2016-04-29,2016-04-29,2016-04-29T02:17:09Z
Metric,Metric,128,35,163,Finally! Black Sheep's up on all your favourite ethereal music shoppes! https://t.co/0H7pNwvhLA https://t.co/oQ9nYWamI5,21:56:20,2016-04-28,2016-04-28,2016-04-28T21:56:20Z
INTERNET Watch,internet_watch,41,119,160,Appleã€QuickTime for Windowsã®ã‚µãƒãƒ¼ãƒˆçµ‚äº†ã‚’æ­£å¼ã«å‘ŠçŸ¥ã—ã¦ã„ãŸã“ã¨ãŒåˆ¤æ˜ã€€ https://t.co/hkFO8S3GYh https://t.co/DYezHdG8pk,10:15:11,2016-04-28,2016-04-28,2016-04-28T10:15:11Z
Kesha Brasil,keshabrsite,79,77,156,"""True Colors"" is OUT NOW on iTunes USA! https://t.co/rftrCuwNnI #BuyTrueColorsOniTunes https://t.co/pLEQ3viTyn",03:06:00,2016-04-29,2016-04-29,2016-04-29T03:06:00Z
Bill Simmons,BillSimmons,134,19,153,My mom really liked my new BS Pod with @sacca so that counts for something. Here's the iTunes link. https://t.co/PVamQoLAd3,22:25:11,2016-04-28,2016-04-28,2016-04-28T22:25:11Z
LÎ”CashiShinQuerer â˜¾,iAngieArrocan,102,45,147,Yo soy asÃ­ como los productos Apple. Nada mÃ¡s soy compatible conmigo misma.,01:48:28,2016-04-29,2016-04-29,2016-04-29T01:48:28Z
Yung RÃ©nzÃ©l,rickyrozay,75,68,143,"Get Boss emoji's now! 
https://t.co/gLZ5wRcmwI https://t.co/j2HO0mUA1m",21:58:01,2016-04-28,2016-04-28,2016-04-28T21:58:01Z
Bloomberg,business,42,94,136,Apple drops after Icahn sells his stake https://t.co/pVBba8xqUb https://t.co/ApGZTuboIp,18:19:34,2016-04-28,2016-04-28,2016-04-28T18:19:34Z
MIYAVI STAFF,MIYAVI_STAFF,95,39,134,"MIYAVI1å¹´ã¶ã‚Šã®æ–°æ›²ã€ã‚‚ã†é–“ã‚‚ãªãé…ä¿¡é–‹å§‹ã§ã™!!!!!
https://t.co/dlJhFqcI9b
#MIYAVI #GUITAR",14:44:43,2016-04-28,2016-04-28,2016-04-28T14:44:43Z
Ralph Vacchiano,RVacchianoNYDN,58,75,133,It's going to be CB Eli Apple to the Giants ... most perfect name in the draft for the Giants' pick.,01:19:34,2016-04-29,2016-04-29,2016-04-29T01:19:34Z
520 PROMOTIONS LLC,520Promotion,47,83,130,"GO SUPPORT AND GRAB THAT NEW @ImAGee94 Game Over 
https://t.co/WkHFlZGM4K #520PROMO #RT",10:18:21,2016-04-28,2016-04-28,2016-04-28T10:18:21Z
The-Flow.ru,theflowmag,67,62,129,"#VIEWS

ĞĞ¾Ğ²Ñ‹Ğ¹ Ğ°Ğ»ÑŒĞ±Ğ¾Ğ¼ Drake Ğ¿Ğ¾ÑĞ²Ğ¸Ğ»ÑÑ Ğ² Ñ€ÑƒÑÑĞºĞ¾Ğ¼ iTunes Ğ¸ Apple Music. ĞĞ°Ğ¼ Ğ½ÑƒĞ¶Ğ½Ğ¾ Ñ‚Ğ²Ğ¾Ğµ Ğ¼Ğ½ĞµĞ½Ğ¸Ğµ. 

https://t.co/SsPdJcxAO6 https://t.co/6GZPupqqSP",06:29:01,2016-04-29,2016-04-29,2016-04-29T06:29:01Z
Forbes,Forbes,65,63,128,A $24 billion revenue from services this year could match Apple's entire revenue from 2007 https://t.co/88trI7Dbcj https://t.co/kkA8SUndVE,22:16:00,2016-04-28,2016-04-28,2016-04-28T22:16:00Z
Mashable,mashable,60,67,127,Twitter is now a 'news' app in the Apple store https://t.co/FSGcRQAXaZ,20:03:52,2016-04-28,2016-04-28,2016-04-28T20:03:52Z
Breitbart News,BreitbartNews,78,47,125,FBI Refuses to Tell Apple How San Bernardino Jihadiâ€™s iPhone Was Hacked https://t.co/jzO6p9Mw7f,22:07:58,2016-04-28,2016-04-28,2016-04-28T22:07:58Z
Washington Post,washingtonpost,51,72,123,Why billionaire Carl Icahn just dumped every share he has in Apple https://t.co/lPivoBNGDX,06:27:57,2016-04-29,2016-04-29,2016-04-29T06:27:57Z
8123,8123,74,45,119,"Sincerely, John the Ghost - EP by John the Ghost | OUT NOW!!!  https://t.co/s5tOBfYk3u",04:28:34,2016-04-29,2016-04-29,2016-04-29T04:28:34Z
MGM Studios,MGM_Studios,88,31,119,Escape this weekend and celebrate the 25th Anniversary of Thelma &amp; Louise: https://t.co/5oPUoOFWtm https://t.co/caJVCqnDpP,22:01:22,2016-04-28,2016-04-28,2016-04-28T22:01:22Z
DJ SCREAM,DJSCREAM,44,73,117,"I Got It All of a JuuG @Loudiene ğŸ”¥ğŸ”¥

https://t.co/3zeBG5Txkh",18:03:39,2016-04-28,2016-04-28,2016-04-28T18:03:39Z
ä¸€å€‹@SlowWest5/23å†ã€…æ”¾é€ï¼,ellipsis_214782,52,62,114,"ãŠãƒ¼ã„ï¼ãƒã‚«ãƒ™ãƒ³ãƒ€ãƒ¼ã‚¯ãƒ©ã‚¹ã‚¿ã®ã¿ã‚“ãªãƒ¼ï¼ iPhoneãƒ»iPad ãƒ¦ãƒ¼ã‚¶ãƒ¼ãªã‚‰å¬‰ã—ã„ãƒã‚«ãƒ™ãƒ³ãƒ€ãƒ¼ãŒè¡¨ç´™ã®Cineplex MagazineãŒç„¡æ–™ã§èª­ã‚ã‚‹ã‚ˆãƒ¼ï¼
 https://t.co/AYzgOLvjTj https://t.co/UXAh2brmbD",10:23:08,2016-04-28,2016-04-28,2016-04-28T10:23:08Z
The Verge,verge,58,51,109,Apple may be working on a way to show friends your autocorrect mistakes https://t.co/B92L47QoaS https://t.co/mqZMaMo9EK,22:23:04,2016-04-28,2016-04-28,2016-04-28T22:23:04Z
TexMoji,TexMoji,68,36,104,True. Very True. https://t.co/8VnsuNZLya https://t.co/ptWS8pOhLb,16:31:34,2016-04-28,2016-04-28,2016-04-28T16:31:34Z
The Verge,verge,62,40,102,"Hey Siri, who's better: you or Alexa? https://t.co/WcnQvPRgKy https://t.co/oozQDqPXLU",10:30:06,2016-04-28,2016-04-28,2016-04-28T10:30:06Z
Lori Schmidt,LoriSchmidt,73,29,102,"Eli Apple told ESPN he almost didn't answer the phone when the Giants called, because it saw it was a NJ number and assumed it was a friend.",02:03:31,2016-04-29,2016-04-29,2016-04-29T02:03:31Z
YanelaBrooks,Yanelabrooks,50,51,101,"Mi #Hit #cubanosporelmundo junto a #Buenavistasocialclub, AquÃ­ la tienes https://t.co/qIxICtIEee sabor y son #Cuba https://t.co/tQR23TLZrw",16:27:31,2016-04-28,2016-04-28,2016-04-28T16:27:31Z
æ­¦äº•å‹‡è¼,takei_corvo,66,32,98,"æ­¦äº•å‹‡è¼ã€ŒMY NAME IS - EPã€

ALBUMå‡ºãŸãœğŸ˜

èã„ã¦ãã‚Œ https://t.co/5UY4Srs2hC",14:12:22,2016-04-28,2016-04-28,2016-04-28T14:12:22Z
Jordan Raanan,JordanRaanan,35,62,97,"The #Giants are taking Eli Apple with the 10th pick",01:19:17,2016-04-29,2016-04-29,2016-04-29T01:19:17Z
